slug,owner_id,clawhub_url,pools,version,display_name,api_url,license,downloads,stars,published_at_ms,summary
agentic-case-study-skill,kn7ehj6z0wqts287dw3xpve45s87are9,https://clawhub.ai/skills/agentic-case-study-skill,clean_175;clean_pool,1.0.3,,https://clawhub.ai/api/v1/skills/agentic-case-study-skill/versions/1.0.3,,,,1779801158008,
agentic-contract-skill,kn7ehj6z0wqts287dw3xpve45s87are9,https://clawhub.ai/skills/agentic-contract-skill,clean_175;clean_pool,1.0.9,Agentic Contract Skill,https://clawhub.ai/api/v1/skills/agentic-contract-skill/versions/1.0.9,,56,0,1779826736872,"Generate configurable CompleteTech LLC Agentic Development Services Agreement PDFs with optional cover page, letterhead, header, footer, watermark, filled Ma..."
agentic-delivery-skill,kn7ehj6z0wqts287dw3xpve45s87are9,https://clawhub.ai/skills/agentic-delivery-skill,clean_175;clean_pool,1.0.9,,https://clawhub.ai/api/v1/skills/agentic-delivery-skill/versions/1.0.9,,,,1779835727997,
agentic-discovery-skill,kn7ehj6z0wqts287dw3xpve45s87are9,https://clawhub.ai/skills/agentic-discovery-skill,clean_175;clean_pool,1.0.3,,https://clawhub.ai/api/v1/skills/agentic-discovery-skill/versions/1.0.3,,,,1779791528660,
agentic-envelope-skill,kn7ehj6z0wqts287dw3xpve45s87are9,https://clawhub.ai/skills/agentic-envelope-skill,clean_175;clean_pool,1.0.3,,https://clawhub.ai/api/v1/skills/agentic-envelope-skill/versions/1.0.3,,,,1779801501703,
agentic-proposal-skill,kn7ehj6z0wqts287dw3xpve45s87are9,https://clawhub.ai/skills/agentic-proposal-skill,clean_175;clean_pool,1.0.2,,https://clawhub.ai/api/v1/skills/agentic-proposal-skill/versions/1.0.2,,,,1779790412591,
agentic-research-harness,kn75mmeqmz6rt3hwpt8qy83cj1858fnw,https://clawhub.ai/skills/agentic-research-harness,clean_175;clean_pool,1.3.0,,https://clawhub.ai/api/v1/skills/agentic-research-harness/versions/1.3.0,,,,1779789927361,
agentic-security-review-skill,kn7ehj6z0wqts287dw3xpve45s87are9,https://clawhub.ai/skills/agentic-security-review-skill,clean_175;clean_pool,1.0.2,,https://clawhub.ai/api/v1/skills/agentic-security-review-skill/versions/1.0.2,,,,1779790213742,
agentic-services-orchestrator-skill,kn7ehj6z0wqts287dw3xpve45s87are9,https://clawhub.ai/skills/agentic-services-orchestrator-skill,clean_175;clean_pool,1.0.3,,https://clawhub.ai/api/v1/skills/agentic-services-orchestrator-skill/versions/1.0.3,,,,1779834456447,
ai-ecommerce-description-generator-v2,kn78r4sn0arj035mvghw8v9h4587d6jr,https://clawhub.ai/skills/ai-ecommerce-description-generator-v2,clean_175;clean_pool,2.0.0,,https://clawhub.ai/api/v1/skills/ai-ecommerce-description-generator-v2/versions/2.0.0,,,,1779726611665,
ai-tts-copy-correction,kn75fjq09p9g38y4xdga98xvw9835s9v,https://clawhub.ai/skills/ai-tts-copy-correction,clean_175;clean_pool,1.0.0,,https://clawhub.ai/api/v1/skills/ai-tts-copy-correction/versions/1.0.0,,,,1779711203206,
ai-writing-risk-review,kn77452razee70yn4t2cc5fk7n82msmh,https://clawhub.ai/skills/ai-writing-risk-review,clean_175;clean_pool,1.0.0,,https://clawhub.ai/api/v1/skills/ai-writing-risk-review/versions/1.0.0,,,,1779762166686,
alibabacloud-terraform-import,kn74p5w8ywv6prh40g0s82gmqh83nw54,https://clawhub.ai/skills/alibabacloud-terraform-import,clean_175;clean_pool,0.0.1-beta.1,,https://clawhub.ai/api/v1/skills/alibabacloud-terraform-import/versions/0.0.1-beta.1,,,,1779761159600,
alta-nsps-table-a-scope-memo,kn798vfcxrgjdt230v34k8eqf584vpwv,https://clawhub.ai/skills/alta-nsps-table-a-scope-memo,clean_175;clean_pool,0.1.0,,https://clawhub.ai/api/v1/skills/alta-nsps-table-a-scope-memo/versions/0.1.0,,,,1779842969573,
ambient-awareness,kn71s58rp4be8gs83pn66ddj6n81axez,https://clawhub.ai/skills/ambient-awareness,clean_175;clean_pool,1.0.0,,https://clawhub.ai/api/v1/skills/ambient-awareness/versions/1.0.0,,,,1779795836839,
article-image-research,kn77452razee70yn4t2cc5fk7n82msmh,https://clawhub.ai/skills/article-image-research,clean_175;clean_pool,1.0.0,,https://clawhub.ai/api/v1/skills/article-image-research/versions/1.0.0,,,,1779762173692,
ashrae-211-level-2-audit-report,kn798vfcxrgjdt230v34k8eqf584vpwv,https://clawhub.ai/skills/ashrae-211-level-2-audit-report,clean_175;clean_pool,0.1.0,,https://clawhub.ai/api/v1/skills/ashrae-211-level-2-audit-report/versions/0.1.0,,,,1779771276395,
auto-body-collision-kit,kn728xb4t1gfe263w8yjq4wfwn86ks1k,https://clawhub.ai/skills/auto-body-collision-kit,clean_175;clean_pool,1.0.1,,https://clawhub.ai/api/v1/skills/auto-body-collision-kit/versions/1.0.1,,,,1779840368137,
bank-policy-query,kn73wqc78mc614p1bta710y41s82ejtq,https://clawhub.ai/skills/bank-policy-query,clean_175;clean_pool,1.0.0,,https://clawhub.ai/api/v1/skills/bank-policy-query/versions/1.0.0,,,,1779699480721,
barbershop-marketing-kit,kn728xb4t1gfe263w8yjq4wfwn86ks1k,https://clawhub.ai/skills/barbershop-marketing-kit,clean_175;clean_pool,1.0.1,,https://clawhub.ai/api/v1/skills/barbershop-marketing-kit/versions/1.0.1,,,,1779826014999,
before-you-build,kn78tm4qvj9y7datkhmfyhvttd87e7mm,https://clawhub.ai/skills/before-you-build,clean_175;clean_pool,0.1.1,,https://clawhub.ai/api/v1/skills/before-you-build/versions/0.1.1,,,,1779807401027,
bilingual-md-sync,kn7ckckjdekq92w3hgy1071k0h84wdbg,https://clawhub.ai/skills/bilingual-md-sync,clean_175;clean_pool,1.1.0,,https://clawhub.ai/api/v1/skills/bilingual-md-sync/versions/1.1.0,,,,1779685904608,
biohazard-crime-scene-cleanup-kit,kn728xb4t1gfe263w8yjq4wfwn86ks1k,https://clawhub.ai/skills/biohazard-crime-scene-cleanup-kit,clean_175;clean_pool,1.0.1,,https://clawhub.ai/api/v1/skills/biohazard-crime-scene-cleanup-kit/versions/1.0.1,,,,1779710770967,
blueai-nano-banana,kn7adb1sb9m0scbfdht8mhtax1839jvg,https://clawhub.ai/skills/blueai-nano-banana,clean_175;clean_pool,0.1.0,,https://clawhub.ai/api/v1/skills/blueai-nano-banana/versions/0.1.0,,,,1779698697234,
bluefocus-model-routing,kn7adb1sb9m0scbfdht8mhtax1839jvg,https://clawhub.ai/skills/bluefocus-model-routing,clean_175;clean_pool,0.1.0,,https://clawhub.ai/api/v1/skills/bluefocus-model-routing/versions/0.1.0,,,,1779700415538,
burmese-content-skills,kn7d09g9vehchas8hq58t4a3e182e889,https://clawhub.ai/skills/burmese-content-skills,clean_175;clean_pool,1.0.0,,https://clawhub.ai/api/v1/skills/burmese-content-skills/versions/1.0.0,,,,1779740160681,
cas-china-mastery,kn7161c1ta3qh1fq8vxry4f3tn84m13s,https://clawhub.ai/skills/cas-china-mastery,clean_175;clean_pool,1.0.0,,https://clawhub.ai/api/v1/skills/cas-china-mastery/versions/1.0.0,,,,1779682088401,
china-api-doc-generator,kn7a6kxswmnbamxxthy2pgjrkn86vpfy,https://clawhub.ai/skills/china-api-doc-generator,clean_175;clean_pool,1.0.0,,https://clawhub.ai/api/v1/skills/china-api-doc-generator/versions/1.0.0,,,,1779806560762,
china-notification-service,kn7a6kxswmnbamxxthy2pgjrkn86vpfy,https://clawhub.ai/skills/china-notification-service,clean_175;clean_pool,1.0.0,,https://clawhub.ai/api/v1/skills/china-notification-service/versions/1.0.0,,,,1779806609182,
china-seo-baidu,kn7a6kxswmnbamxxthy2pgjrkn86vpfy,https://clawhub.ai/skills/china-seo-baidu,clean_175;clean_pool,1.0.0,,https://clawhub.ai/api/v1/skills/china-seo-baidu/versions/1.0.0,,,,1779806623172,
china-social-media-ops,kn7a6kxswmnbamxxthy2pgjrkn86vpfy,https://clawhub.ai/skills/china-social-media-ops,clean_175;clean_pool,1.0.0,,https://clawhub.ai/api/v1/skills/china-social-media-ops/versions/1.0.0,,,,1779806584937,
claw-planops,kn718v9539jmv017kavqz6j56x87dc1s,https://clawhub.ai/skills/claw-planops,clean_175;clean_pool,0.0.1,,https://clawhub.ai/api/v1/skills/claw-planops/versions/0.0.1,,,,1779725025681,
clipboard-stash-demo,kn72jmd20ws94jr0p8b3p24wyn82abgj,https://clawhub.ai/skills/clipboard-stash-demo,clean_175;clean_pool,0.1.0,,https://clawhub.ai/api/v1/skills/clipboard-stash-demo/versions/0.1.0,,,,1779828618495,
cocktail-craft,kn72gywaeyqtndj8tb50p1mq0n87hxx3,https://clawhub.ai/skills/cocktail-craft,clean_175;clean_pool,1.0.0,,https://clawhub.ai/api/v1/skills/cocktail-craft/versions/1.0.0,,,,1779844501605,
codebase-auditor,kn72cjra3qhjwmr4xp1tjsdews83d0se,https://clawhub.ai/skills/codebase-auditor,clean_175;clean_pool,1.0.0,,https://clawhub.ai/api/v1/skills/codebase-auditor/versions/1.0.0,,,,1779840810283,
context-crumb,kn73ws9z5jjkvgy9t1eyj8zj5s87d1jk,https://clawhub.ai/skills/context-crumb,clean_175;clean_pool,1.0.0,,https://clawhub.ai/api/v1/skills/context-crumb/versions/1.0.0,,,,1779744651293,
count-go-black-stones,kn71n8dv2mq173pr5mdkk9x0k184w6x3,https://clawhub.ai/skills/count-go-black-stones,clean_175;clean_pool,0.1.3,,https://clawhub.ai/api/v1/skills/count-go-black-stones/versions/0.1.3,,,,1779808265840,
daily-news-cn,kn73z7zhz92tv6skpnmpy5pdfh86j68x,https://clawhub.ai/skills/daily-news-cn,clean_175;clean_pool,2.1.0,,https://clawhub.ai/api/v1/skills/daily-news-cn/versions/2.1.0,,,,1779847476129,
dcc-mcp-creator,kn79keq1bp4t91s48e3x1fk3jn82w8hf,https://clawhub.ai/skills/dcc-mcp-creator,clean_175;clean_pool,0.17.36,,https://clawhub.ai/api/v1/skills/dcc-mcp-creator/versions/0.17.36,,,,1779800100714,
dcc-mcp-skills-creator,kn79keq1bp4t91s48e3x1fk3jn82w8hf,https://clawhub.ai/skills/dcc-mcp-skills-creator,clean_175;clean_pool,0.17.36,,https://clawhub.ai/api/v1/skills/dcc-mcp-skills-creator/versions/0.17.36,,,,1779800093083,
deepsop-tiktokflow,kn75ch35k7rqwnkeka6er6mngx84v6tk,https://clawhub.ai/skills/deepsop-tiktokflow,clean_175;clean_pool,1.0.0,,https://clawhub.ai/api/v1/skills/deepsop-tiktokflow/versions/1.0.0,,,,1779845480056,
doc-format-fixer,kn7ez4h284sw1q2f7zvmge91wx83jdbt,https://clawhub.ai/skills/doc-format-fixer,clean_175;clean_pool,1.0.0,,https://clawhub.ai/api/v1/skills/doc-format-fixer/versions/1.0.0,,,,1779693428389,
dqf-driver-qualification-file-audit,kn798vfcxrgjdt230v34k8eqf584vpwv,https://clawhub.ai/skills/dqf-driver-qualification-file-audit,clean_175;clean_pool,0.1.0,,https://clawhub.ai/api/v1/skills/dqf-driver-qualification-file-audit/versions/0.1.0,,,,1779842931398,
earnings-countdown,kn71g9mq11zs12gef9tdn2h77182b5bn,https://clawhub.ai/skills/earnings-countdown,clean_175;clean_pool,1.0.0,,https://clawhub.ai/api/v1/skills/earnings-countdown/versions/1.0.0,,,,1779842343394,
ecommerce-revenue-pack,kn70zkq99ggfcs6nvaea0ayk5586eg64,https://clawhub.ai/skills/ecommerce-revenue-pack,clean_175;clean_pool,1.0.0,,https://clawhub.ai/api/v1/skills/ecommerce-revenue-pack/versions/1.0.0,,,,1779731465023,
economic-damages-calculation-memo,kn798vfcxrgjdt230v34k8eqf584vpwv,https://clawhub.ai/skills/economic-damages-calculation-memo,clean_175;clean_pool,0.1.0,,https://clawhub.ai/api/v1/skills/economic-damages-calculation-memo/versions/0.1.0,,,,1779763071423,
edu-homework-grader,kn7ae6m5fzwqs7fmdmh97gr1yh82m2py,https://clawhub.ai/skills/edu-homework-grader,clean_175;clean_pool,1.0.0,,https://clawhub.ai/api/v1/skills/edu-homework-grader/versions/1.0.0,,,,1779817208801,
element-lawsuit-generator,kn76ktxsg9g9tyj0d553rn3ens87enxv,https://clawhub.ai/skills/element-lawsuit-generator,clean_175;clean_pool,1.5.2,,https://clawhub.ai/api/v1/skills/element-lawsuit-generator/versions/1.5.2,,,,1779846976512,
engineering-drawing-parser,kn7ae6m5fzwqs7fmdmh97gr1yh82m2py,https://clawhub.ai/skills/engineering-drawing-parser,clean_175;clean_pool,1.0.0,,https://clawhub.ai/api/v1/skills/engineering-drawing-parser/versions/1.0.0,,,,1779817343327,
english-assessment,kn76af6ccjftr7hsds21j60xnn82q1qd,https://clawhub.ai/skills/english-assessment,clean_175;clean_pool,2.1.0,,https://clawhub.ai/api/v1/skills/english-assessment/versions/2.1.0,,,,1779715970279,
estate-plan-design-memo,kn798vfcxrgjdt230v34k8eqf584vpwv,https://clawhub.ai/skills/estate-plan-design-memo,clean_175;clean_pool,0.1.0,,https://clawhub.ai/api/v1/skills/estate-plan-design-memo/versions/0.1.0,,,,1779693625008,
excel-table-structurer,kn73wqc78mc614p1bta710y41s82ejtq,https://clawhub.ai/skills/excel-table-structurer,clean_175;clean_pool,1.0.0,,https://clawhub.ai/api/v1/skills/excel-table-structurer/versions/1.0.0,,,,1779766602179,
exclude-prompt-data,kn71kvdba3t2jfkk6nbgnytg0s81617g,https://clawhub.ai/skills/exclude-prompt-data,clean_175;clean_pool,1.0.0,,https://clawhub.ai/api/v1/skills/exclude-prompt-data/versions/1.0.0,,,,1779826246954,
expert-insist,kn71seyphr76mfjs902d4drx9x87ffbd,https://clawhub.ai/skills/expert-insist,clean_175;clean_pool,1.0.0,,https://clawhub.ai/api/v1/skills/expert-insist/versions/1.0.0,,,,1779821672639,
fda-510k-substantial-equivalence-memo,kn798vfcxrgjdt230v34k8eqf584vpwv,https://clawhub.ai/skills/fda-510k-substantial-equivalence-memo,clean_175;clean_pool,0.1.0,,https://clawhub.ai/api/v1/skills/fda-510k-substantial-equivalence-memo/versions/0.1.0,,,,1779842980759,
figma-pencil-fsd-tailwind4,kn78gn8re7srbmpjckc38hprqx822avd,https://clawhub.ai/skills/figma-pencil-fsd-tailwind4,clean_175;clean_pool,0.1.0,,https://clawhub.ai/api/v1/skills/figma-pencil-fsd-tailwind4/versions/0.1.0,,,,1779742640034,
finance-compliance-audit,kn74e704j3ygjcygnpf02rdvd185js13,https://clawhub.ai/skills/finance-compliance-audit,clean_175;clean_pool,3.0.1,,https://clawhub.ai/api/v1/skills/finance-compliance-audit/versions/3.0.1,,,,1779680494637,
finance-content-factory,kn74e704j3ygjcygnpf02rdvd185js13,https://clawhub.ai/skills/finance-content-factory,clean_175;clean_pool,3.0.1,,https://clawhub.ai/api/v1/skills/finance-content-factory/versions/3.0.1,,,,1779686662195,
finance-customer-service-hub,kn74e704j3ygjcygnpf02rdvd185js13,https://clawhub.ai/skills/finance-customer-service-hub,clean_175;clean_pool,3.0.1,,https://clawhub.ai/api/v1/skills/finance-customer-service-hub/versions/3.0.1,,,,1779680505468,
finance-data-analysis,kn74e704j3ygjcygnpf02rdvd185js13,https://clawhub.ai/skills/finance-data-analysis,clean_175;clean_pool,3.0.1,,https://clawhub.ai/api/v1/skills/finance-data-analysis/versions/3.0.1,,,,1779686623898,
finance-digital-avatar,kn74e704j3ygjcygnpf02rdvd185js13,https://clawhub.ai/skills/finance-digital-avatar,clean_175;clean_pool,3.0.1,,https://clawhub.ai/api/v1/skills/finance-digital-avatar/versions/3.0.1,,,,1779690483381,
finance-knowledge-base,kn74e704j3ygjcygnpf02rdvd185js13,https://clawhub.ai/skills/finance-knowledge-base,clean_175;clean_pool,3.0.1,,https://clawhub.ai/api/v1/skills/finance-knowledge-base/versions/3.0.1,,,,1779686637572,
finance-office-automation,kn74e704j3ygjcygnpf02rdvd185js13,https://clawhub.ai/skills/finance-office-automation,clean_175;clean_pool,3.0.1,,https://clawhub.ai/api/v1/skills/finance-office-automation/versions/3.0.1,,,,1779686674518,
finance-training-coach,kn74e704j3ygjcygnpf02rdvd185js13,https://clawhub.ai/skills/finance-training-coach,clean_175;clean_pool,3.0.1,,https://clawhub.ai/api/v1/skills/finance-training-coach/versions/3.0.1,,,,1779686650228,
financial-report-analyzer-pro,kn7ae6m5fzwqs7fmdmh97gr1yh82m2py,https://clawhub.ai/skills/financial-report-analyzer-pro,clean_175;clean_pool,1.0.0,,https://clawhub.ai/api/v1/skills/financial-report-analyzer-pro/versions/1.0.0,,,,1779817413790,
freedom-preserving-protocol,kn7ac63vgk0y43dgmb4tkvj9ds87f24j,https://clawhub.ai/skills/freedom-preserving-protocol,clean_175;clean_pool,1.2.0,,https://clawhub.ai/api/v1/skills/freedom-preserving-protocol/versions/1.2.0,,,,1779842368782,
fusejs,kn75qrtb885pznwsjwsh18dvf1813bv0,https://clawhub.ai/skills/fusejs,clean_175;clean_pool,1.0.0,,https://clawhub.ai/api/v1/skills/fusejs/versions/1.0.0,,,,1779759887203,
game-account-price-trends,kn78k1xrmq8h6smeyjmt99bsr986611p,https://clawhub.ai/skills/game-account-price-trends,clean_175;clean_pool,1.0.0,,https://clawhub.ai/api/v1/skills/game-account-price-trends/versions/1.0.0,,,,1779789451063,
game-balance-notes-skill,kn718mz8swgncz5z8ew773afvd834rm7,https://clawhub.ai/skills/game-balance-notes-skill,clean_175;clean_pool,0.1.0,,https://clawhub.ai/api/v1/skills/game-balance-notes-skill/versions/0.1.0,,,,1779696265130,
ghs-safety-data-sheet-drafter,kn798vfcxrgjdt230v34k8eqf584vpwv,https://clawhub.ai/skills/ghs-safety-data-sheet-drafter,clean_175;clean_pool,0.1.0,,https://clawhub.ai/api/v1/skills/ghs-safety-data-sheet-drafter/versions/0.1.0,,,,1779693654084,
google-trending,kn71023xnbt4mfrjvkaa0z2ycd8762ba,https://clawhub.ai/skills/google-trending,clean_175;clean_pool,1.0.0,,https://clawhub.ai/api/v1/skills/google-trending/versions/1.0.0,,,,1779821021245,
gstack-openclaw-diagnose,kn73mcm9kp26gqb20a5bga9za987fvfn,https://clawhub.ai/skills/gstack-openclaw-diagnose,clean_175;clean_pool,1.0.0,,https://clawhub.ai/api/v1/skills/gstack-openclaw-diagnose/versions/1.0.0,,,,1779789215835,
gstack-openclaw-handoff,kn73mcm9kp26gqb20a5bga9za987fvfn,https://clawhub.ai/skills/gstack-openclaw-handoff,clean_175;clean_pool,1.0.0,,https://clawhub.ai/api/v1/skills/gstack-openclaw-handoff/versions/1.0.0,,,,1779789223510,
gstack-openclaw-prototype,kn73mcm9kp26gqb20a5bga9za987fvfn,https://clawhub.ai/skills/gstack-openclaw-prototype,clean_175;clean_pool,1.0.0,,https://clawhub.ai/api/v1/skills/gstack-openclaw-prototype/versions/1.0.0,,,,1779789233189,
hello-greeter,kn72jmd20ws94jr0p8b3p24wyn82abgj,https://clawhub.ai/skills/hello-greeter,clean_175;clean_pool,1.0.0,,https://clawhub.ai/api/v1/skills/hello-greeter/versions/1.0.0,,,,1779819092532,
homarr,kn71braj4mtw6xbr2sbydm0p6s866qsx,https://clawhub.ai/skills/homarr,clean_175;clean_pool,1.0.0,,https://clawhub.ai/api/v1/skills/homarr/versions/1.0.0,,,,1779699318822,
homes-mcp,kn700jq4sjtf2anb0rk3ft4p7n856872,https://clawhub.ai/skills/homes-mcp,clean_175;clean_pool,0.8.0,,https://clawhub.ai/api/v1/skills/homes-mcp/versions/0.8.0,,,,1779847343825,
huaweicloud-python-sdk-helper,kn73wackr7dq8896qpdm1n26sn83phjs,https://clawhub.ai/skills/huaweicloud-python-sdk-helper,clean_175;clean_pool,1.0.0,,https://clawhub.ai/api/v1/skills/huaweicloud-python-sdk-helper/versions/1.0.0,,,,1779802402110,
immigration-petition-cover-letter,kn798vfcxrgjdt230v34k8eqf584vpwv,https://clawhub.ai/skills/immigration-petition-cover-letter,clean_175;clean_pool,0.1.0,,https://clawhub.ai/api/v1/skills/immigration-petition-cover-letter/versions/0.1.0,,,,1779693601790,
insurance-intelligent-cs,kn74e704j3ygjcygnpf02rdvd185js13,https://clawhub.ai/skills/insurance-intelligent-cs,clean_175;clean_pool,3.0.1,,https://clawhub.ai/api/v1/skills/insurance-intelligent-cs/versions/3.0.1,,,,1779679838597,
insurance-knowledge-qa,kn74e704j3ygjcygnpf02rdvd185js13,https://clawhub.ai/skills/insurance-knowledge-qa,clean_175;clean_pool,3.0.1,,https://clawhub.ai/api/v1/skills/insurance-knowledge-qa/versions/3.0.1,,,,1779679848791,
internet-radio-music-db,kn775k2zzav7y8rpwwm218x0b587f0hj,https://clawhub.ai/skills/internet-radio-music-db,clean_175;clean_pool,2.1.0,,https://clawhub.ai/api/v1/skills/internet-radio-music-db/versions/2.1.0,,,,1779845698088,
internet-search-pro,kn7axg9zt4yaby5xnzh3ck6ep986cjbc,https://clawhub.ai/skills/internet-search-pro,clean_175;clean_pool,1.0.0,,https://clawhub.ai/api/v1/skills/internet-search-pro/versions/1.0.0,,,,1779692176612,
investment-assistant-agent,kn76b71hdvjbaetmpr601b967x82bz18,https://clawhub.ai/skills/investment-assistant-agent,clean_175;clean_pool,1.0.0,,https://clawhub.ai/api/v1/skills/investment-assistant-agent/versions/1.0.0,,,,1779789447710,
ios-moblink-integration,kn74wfhpmhkqcpz21tdd0cxqx185cpvq,https://clawhub.ai/skills/ios-moblink-integration,clean_175;clean_pool,1.0.0,,https://clawhub.ai/api/v1/skills/ios-moblink-integration/versions/1.0.0,,,,1779701442272,
ithrael-daily-digest,kn75dkvp8vqhwb5x4xsfvkdr6x816xrk,https://clawhub.ai/skills/ithrael-daily-digest,clean_175;clean_pool,1.0.0,,https://clawhub.ai/api/v1/skills/ithrael-daily-digest/versions/1.0.0,,,,1779710519894,
jianyaofangan01,kn7epfey8ajfhfkskbtyhxp3z987fxyg,https://clawhub.ai/skills/jianyaofangan01,clean_175;clean_pool,1.0.0,,https://clawhub.ai/api/v1/skills/jianyaofangan01/versions/1.0.0,,,,1779762677741,
job-hazard-analysis,kn798vfcxrgjdt230v34k8eqf584vpwv,https://clawhub.ai/skills/job-hazard-analysis,clean_175;clean_pool,0.1.0,,https://clawhub.ai/api/v1/skills/job-hazard-analysis/versions/0.1.0,,,,1779693607943,
kaifaskillfz01,kn7epfey8ajfhfkskbtyhxp3z987fxyg,https://clawhub.ai/skills/kaifaskillfz01,clean_175;clean_pool,1.0.0,,https://clawhub.ai/api/v1/skills/kaifaskillfz01/versions/1.0.0,,,,1779762676660,
karakeep-mcp-first,kn79084zcn05x0tgjnc899740d87dmqe,https://clawhub.ai/skills/karakeep-mcp-first,clean_175;clean_pool,1.1.0,,https://clawhub.ai/api/v1/skills/karakeep-mcp-first/versions/1.1.0,,,,1779689273039,
kl8-data,kn71pk44ca87scz3pstt90r66n80xhaa,https://clawhub.ai/skills/kl8-data,clean_175;clean_pool,1.0.0,,https://clawhub.ai/api/v1/skills/kl8-data/versions/1.0.0,,,,1779801220222,
lingshu-agent-architect,kn76b71hdvjbaetmpr601b967x82bz18,https://clawhub.ai/skills/lingshu-agent-architect,clean_175;clean_pool,1.0.0,,https://clawhub.ai/api/v1/skills/lingshu-agent-architect/versions/1.0.0,,,,1779789442783,
local-business-pack,kn70zkq99ggfcs6nvaea0ayk5586eg64,https://clawhub.ai/skills/local-business-pack,clean_175;clean_pool,1.0.0,,https://clawhub.ai/api/v1/skills/local-business-pack/versions/1.0.0,,,,1779731453661,
localization-readiness-audit,kn798vfcxrgjdt230v34k8eqf584vpwv,https://clawhub.ai/skills/localization-readiness-audit,clean_175;clean_pool,0.1.0,,https://clawhub.ai/api/v1/skills/localization-readiness-audit/versions/0.1.0,,,,1779693638454,
loss-reserving-triangle-memo,kn798vfcxrgjdt230v34k8eqf584vpwv,https://clawhub.ai/skills/loss-reserving-triangle-memo,clean_175;clean_pool,0.1.0,,https://clawhub.ai/api/v1/skills/loss-reserving-triangle-memo/versions/0.1.0,,,,1779763064151,
manual-j-residential-load-calc,kn798vfcxrgjdt230v34k8eqf584vpwv,https://clawhub.ai/skills/manual-j-residential-load-calc,clean_175;clean_pool,0.1.0,,https://clawhub.ai/api/v1/skills/manual-j-residential-load-calc/versions/0.1.0,,,,1779842937139,
marketing-theory-panorama,kn7979vgpkbdcz1zab69smvn35834kct,https://clawhub.ai/skills/marketing-theory-panorama,clean_175;clean_pool,1.0.2,,https://clawhub.ai/api/v1/skills/marketing-theory-panorama/versions/1.0.2,,,,1779691640433,
maus-html-summary,kn732v911xvfdexda2xd8t6r9s81aqje,https://clawhub.ai/skills/maus-html-summary,clean_175;clean_pool,1.0.1,,https://clawhub.ai/api/v1/skills/maus-html-summary/versions/1.0.1,,,,1779818790739,
md2pdf-cjk,kn732d75a9t2htw2sjvh004hw982c32x,https://clawhub.ai/skills/md2pdf-cjk,clean_175;clean_pool,1.0.1,,https://clawhub.ai/api/v1/skills/md2pdf-cjk/versions/1.0.1,,,,1779684431090,
mediation-brief-drafter,kn798vfcxrgjdt230v34k8eqf584vpwv,https://clawhub.ai/skills/mediation-brief-drafter,clean_175;clean_pool,0.1.0,,https://clawhub.ai/api/v1/skills/mediation-brief-drafter/versions/0.1.0,,,,1779763047338,
medical-record-structuring,kn7ae6m5fzwqs7fmdmh97gr1yh82m2py,https://clawhub.ai/skills/medical-record-structuring,clean_175;clean_pool,1.0.0,,https://clawhub.ai/api/v1/skills/medical-record-structuring/versions/1.0.0,,,,1779817472632,
mensa,kn73eajyvhn6ytetszzqxycmex87fefx,https://clawhub.ai/skills/mensa,clean_175;clean_pool,1.0.0,,https://clawhub.ai/api/v1/skills/mensa/versions/1.0.0,,,,1779824036533,
mobile-ui-checklist-skill,kn718mz8swgncz5z8ew773afvd834rm7,https://clawhub.ai/skills/mobile-ui-checklist-skill,clean_175;clean_pool,0.1.0,,https://clawhub.ai/api/v1/skills/mobile-ui-checklist-skill/versions/0.1.0,,,,1779694602639,
model-center,kn71pk44ca87scz3pstt90r66n80xhaa,https://clawhub.ai/skills/model-center,clean_175;clean_pool,1.0.1,,https://clawhub.ai/api/v1/skills/model-center/versions/1.0.1,,,,1779799959483,
monthly-report-analysis,kn73wqc78mc614p1bta710y41s82ejtq,https://clawhub.ai/skills/monthly-report-analysis,clean_175;clean_pool,1.0.0,,https://clawhub.ai/api/v1/skills/monthly-report-analysis/versions/1.0.0,,,,1779693219597,
msx,kn7cgnrcb8zmnt4cpmm87sygb580wevq,https://clawhub.ai/skills/msx,clean_175;clean_pool,1.0.0,,https://clawhub.ai/api/v1/skills/msx/versions/1.0.0,,,,1779721937165,
my-analyzer,kn7canvm8ta3eq3pv381njqcsd87et5r,https://clawhub.ai/skills/my-analyzer,clean_175;clean_pool,1.0.0,,https://clawhub.ai/api/v1/skills/my-analyzer/versions/1.0.0,,,,1779791152026,
newsletter-creator-pack,kn70zkq99ggfcs6nvaea0ayk5586eg64,https://clawhub.ai/skills/newsletter-creator-pack,clean_175;clean_pool,1.0.0,,https://clawhub.ai/api/v1/skills/newsletter-creator-pack/versions/1.0.0,,,,1779731465369,
nim-signal-scan,kn71chb38hhtjftn9amnkwzrz9862vve,https://clawhub.ai/skills/nim-signal-scan,clean_175;clean_pool,1.2.1,,https://clawhub.ai/api/v1/skills/nim-signal-scan/versions/1.2.1,,,,1779716197421,
novel-writing-techniques,kn75qrtb885pznwsjwsh18dvf1813bv0,https://clawhub.ai/skills/novel-writing-techniques,clean_175;clean_pool,1.0.0,,https://clawhub.ai/api/v1/skills/novel-writing-techniques/versions/1.0.0,,,,1779761132676,
npc-dialogue-writer-skill,kn718mz8swgncz5z8ew773afvd834rm7,https://clawhub.ai/skills/npc-dialogue-writer-skill,clean_175;clean_pool,0.1.0,,https://clawhub.ai/api/v1/skills/npc-dialogue-writer-skill/versions/0.1.0,,,,1779701140533,
openplanet-plugin-dev,kn70db4t9jcx94v2xfcg0pymyd87f4nt,https://clawhub.ai/skills/openplanet-plugin-dev,clean_175;clean_pool,1.0.0,,https://clawhub.ai/api/v1/skills/openplanet-plugin-dev/versions/1.0.0,,,,1779805253707,
ops-issue-followup,kn72jabgc0tj36qs6v5a12fv8d8727j4,https://clawhub.ai/skills/ops-issue-followup,clean_175;clean_pool,1.0.0,,https://clawhub.ai/api/v1/skills/ops-issue-followup/versions/1.0.0,,,,1779710677889,
patent-disclosure,kn75kk4f194v78mdce4gz4x6v1832rbq,https://clawhub.ai/skills/patent-disclosure,clean_175;clean_pool,1.0.0,,https://clawhub.ai/api/v1/skills/patent-disclosure/versions/1.0.0,,,,1779735400668,
pdf-image-text-extractor,kn73hdehkbe5dwfzckzj8yhcw984t4cc,https://clawhub.ai/skills/pdf-image-text-extractor,clean_175;clean_pool,1.0.0,,https://clawhub.ai/api/v1/skills/pdf-image-text-extractor/versions/1.0.0,,,,1779799267460,
pfmea-process-fmea-drafter,kn798vfcxrgjdt230v34k8eqf584vpwv,https://clawhub.ai/skills/pfmea-process-fmea-drafter,clean_175;clean_pool,0.1.0,,https://clawhub.ai/api/v1/skills/pfmea-process-fmea-drafter/versions/0.1.0,,,,1779763058015,
pixelletter,kn743jesadjcvwky8s2s1js2vs87cvh7,https://clawhub.ai/skills/pixelletter,clean_175;clean_pool,1.0.0,,https://clawhub.ai/api/v1/skills/pixelletter/versions/1.0.0,,,,1779724597653,
post-summarizer,kn7enyn733nsfd93aztcb2w4qx82rgkr,https://clawhub.ai/skills/post-summarizer,clean_175;clean_pool,1.0.0,,https://clawhub.ai/api/v1/skills/post-summarizer/versions/1.0.0,,,,1779700446438,
post-update-maintenance,kn7bz8fq6vk4bqtfd8q20gjtgn83cc3w,https://clawhub.ai/skills/post-update-maintenance,clean_175;clean_pool,0.1.0,,https://clawhub.ai/api/v1/skills/post-update-maintenance/versions/0.1.0,,,,1779824790611,
pptx-localized,kn739kfjmwzb2nzjrashbwxvhn8589jp,https://clawhub.ai/skills/pptx-localized,clean_175;clean_pool,1.0.0,,https://clawhub.ai/api/v1/skills/pptx-localized/versions/1.0.0,,,,1779760314744,
product-video-script-skill-ugc,kn79q6d8fg01kce4chmzrkvmf986s4zr,https://clawhub.ai/skills/product-video-script-skill-ugc,clean_175;clean_pool,1.0.0,,https://clawhub.ai/api/v1/skills/product-video-script-skill-ugc/versions/1.0.0,,,,1779714120821,
prose-enhancer,kn7axg9zt4yaby5xnzh3ck6ep986cjbc,https://clawhub.ai/skills/prose-enhancer,clean_175;clean_pool,1.0.0,,https://clawhub.ai/api/v1/skills/prose-enhancer/versions/1.0.0,,,,1779693202252,
psd-batch-export,kn75g2sw7ssvtwkxyw4pce8t3d84mna2,https://clawhub.ai/skills/psd-batch-export,clean_175;clean_pool,2.5.2,,https://clawhub.ai/api/v1/skills/psd-batch-export/versions/2.5.2,,,,1779820380860,
psychology-paper-editor,kn78vpkgc3n7zxavjb47ve1nd186ffn1,https://clawhub.ai/skills/psychology-paper-editor,clean_175;clean_pool,1.0.0,,https://clawhub.ai/api/v1/skills/psychology-paper-editor/versions/1.0.0,,,,1779691973142,
psychology-paper-searcher,kn78vpkgc3n7zxavjb47ve1nd186ffn1,https://clawhub.ai/skills/psychology-paper-searcher,clean_175;clean_pool,1.0.0,,https://clawhub.ai/api/v1/skills/psychology-paper-searcher/versions/1.0.0,,,,1779692272536,
pt-plan-of-care-drafter,kn798vfcxrgjdt230v34k8eqf584vpwv,https://clawhub.ai/skills/pt-plan-of-care-drafter,clean_175;clean_pool,0.1.0,,https://clawhub.ai/api/v1/skills/pt-plan-of-care-drafter/versions/0.1.0,,,,1779763052235,
qdro-drafter,kn798vfcxrgjdt230v34k8eqf584vpwv,https://clawhub.ai/skills/qdro-drafter,clean_175;clean_pool,0.1.0,,https://clawhub.ai/api/v1/skills/qdro-drafter/versions/0.1.0,,,,1779842954410,
random-fact,kn73rm0shjes1zfwt8ng8hpw198688sh,https://clawhub.ai/skills/random-fact,clean_175;clean_pool,1.0.0,,https://clawhub.ai/api/v1/skills/random-fact/versions/1.0.0,,,,1779693938591,
records-retention-schedule-drafter,kn798vfcxrgjdt230v34k8eqf584vpwv,https://clawhub.ai/skills/records-retention-schedule-drafter,clean_175;clean_pool,0.1.0,,https://clawhub.ai/api/v1/skills/records-retention-schedule-drafter/versions/0.1.0,,,,1779763078765,
sg-handoff-receiver,kn71ntcwxg33gv53ryabqt0vw981g9my,https://clawhub.ai/skills/sg-handoff-receiver,clean_175;clean_pool,1.3.1,,https://clawhub.ai/api/v1/skills/sg-handoff-receiver/versions/1.3.1,,,,1779835587833,
sg-session-handoff,kn71ntcwxg33gv53ryabqt0vw981g9my,https://clawhub.ai/skills/sg-session-handoff,clean_175;clean_pool,1.5.1,,https://clawhub.ai/api/v1/skills/sg-session-handoff/versions/1.5.1,,,,1779835586506,
shiny-teaching-dashboard,kn7btkebmsjez27dmr03454tn9851zp3,https://clawhub.ai/skills/shiny-teaching-dashboard,clean_175;clean_pool,1.0.0,,https://clawhub.ai/api/v1/skills/shiny-teaching-dashboard/versions/1.0.0,,,,1779690497939,
signature-extractor,kn7b100az80bvnrfyg37z7bm6d87ehjq,https://clawhub.ai/skills/signature-extractor,clean_175;clean_pool,1.0.0,,https://clawhub.ai/api/v1/skills/signature-extractor/versions/1.0.0,,,,1779767226364,
skill-alipay,kn7c7940mcwpxdz93fm36yw85d81h21a,https://clawhub.ai/skills/skill-alipay,clean_175;clean_pool,1.0.2,,https://clawhub.ai/api/v1/skills/skill-alipay/versions/1.0.2,,,,1779723521070,
skill-auto-publish,kn7aeqth7vtkece5j16y05y1sn86vga3,https://clawhub.ai/skills/skill-auto-publish,clean_175;clean_pool,2.4.0,,https://clawhub.ai/api/v1/skills/skill-auto-publish/versions/2.4.0,,,,1779691062417,
skill-factory-image-to-code,kn70zthc74p61mvctddrancx0s832g4r,https://clawhub.ai/skills/skill-factory-image-to-code,clean_175;clean_pool,1.0.0,,https://clawhub.ai/api/v1/skills/skill-factory-image-to-code/versions/1.0.0,,,,1779701972872,
skill-factory-text-sql,kn70zthc74p61mvctddrancx0s832g4r,https://clawhub.ai/skills/skill-factory-text-sql,clean_175;clean_pool,1.0.0,,https://clawhub.ai/api/v1/skills/skill-factory-text-sql/versions/1.0.0,,,,1779701957421,
skill-naming-standard,kn74kwhpnth39yx1f3hc3vxdj983wmvj,https://clawhub.ai/skills/skill-naming-standard,clean_175;clean_pool,1.0.0,,https://clawhub.ai/api/v1/skills/skill-naming-standard/versions/1.0.0,,,,1779768912437,
sse-listed-company-mastery,kn7161c1ta3qh1fq8vxry4f3tn84m13s,https://clawhub.ai/skills/sse-listed-company-mastery,clean_175;clean_pool,1.0.0,,https://clawhub.ai/api/v1/skills/sse-listed-company-mastery/versions/1.0.0,,,,1779683551433,
structuring-git-workflow,kn72p011jjf6bmvxsnpjag9rkx87cpzn,https://clawhub.ai/skills/structuring-git-workflow,clean_175;clean_pool,0.1.1,,https://clawhub.ai/api/v1/skills/structuring-git-workflow/versions/0.1.1,,,,1779681455808,
subagent-bridge,kn7621a0m45rgjx0e1xjfy9th985ratg,https://clawhub.ai/skills/subagent-bridge,clean_175;clean_pool,1.1.0,,https://clawhub.ai/api/v1/skills/subagent-bridge/versions/1.1.0,,,,1779681045461,
teaching-app-builder,kn7btkebmsjez27dmr03454tn9851zp3,https://clawhub.ai/skills/teaching-app-builder,clean_175;clean_pool,1.0.0,,https://clawhub.ai/api/v1/skills/teaching-app-builder/versions/1.0.0,,,,1779690575705,
tella-cli,kn77d1fa4pehjw69mpnxk47z6182gh7z,https://clawhub.ai/skills/tella-cli,clean_175;clean_pool,0.1.0,,https://clawhub.ai/api/v1/skills/tella-cli/versions/0.1.0,,,,1779702657362,
testtau,kn70cbs54nbkmeqqpng6qvgn1587cznt,https://clawhub.ai/skills/testtau,clean_175;clean_pool,1.0.0,,https://clawhub.ai/api/v1/skills/testtau/versions/1.0.0,,,,1779721899043,
threat-actor-osint,kn7exkvs9fr4ybh3yx6986mfw985c17g,https://clawhub.ai/skills/threat-actor-osint,clean_175;clean_pool,1.0.0,,https://clawhub.ai/api/v1/skills/threat-actor-osint/versions/1.0.0,,,,1779790526947,
thunder-core,kn71pk44ca87scz3pstt90r66n80xhaa,https://clawhub.ai/skills/thunder-core,clean_175;clean_pool,1.0.0,,https://clawhub.ai/api/v1/skills/thunder-core/versions/1.0.0,,,,1779801219899,
traffic-accident-workflow,kn76ktxsg9g9tyj0d553rn3ens87enxv,https://clawhub.ai/skills/traffic-accident-workflow,clean_175;clean_pool,1.4.0,,https://clawhub.ai/api/v1/skills/traffic-accident-workflow/versions/1.4.0,,,,1779845515360,
tree-risk-assessment,kn798vfcxrgjdt230v34k8eqf584vpwv,https://clawhub.ai/skills/tree-risk-assessment,clean_175;clean_pool,0.1.0,,https://clawhub.ai/api/v1/skills/tree-risk-assessment/versions/0.1.0,,,,1779693647662,
tutur-bagongan-jogja,kn78j9e74mf9weg4sr1e7zmabd81s08b,https://clawhub.ai/skills/tutur-bagongan-jogja,clean_175;clean_pool,1.0.1,,https://clawhub.ai/api/v1/skills/tutur-bagongan-jogja/versions/1.0.1,,,,1779737741558,
tutur-bali,kn78j9e74mf9weg4sr1e7zmabd81s08b,https://clawhub.ai/skills/tutur-bali,clean_175;clean_pool,1.0.1,,https://clawhub.ai/api/v1/skills/tutur-bali/versions/1.0.1,,,,1779737749539,
tutur-gayo,kn78j9e74mf9weg4sr1e7zmabd81s08b,https://clawhub.ai/skills/tutur-gayo,clean_175;clean_pool,1.0.1,,https://clawhub.ai/api/v1/skills/tutur-gayo/versions/1.0.1,,,,1779737809235,
tutur-humanizer,kn78j9e74mf9weg4sr1e7zmabd81s08b,https://clawhub.ai/skills/tutur-humanizer,clean_175;clean_pool,1.0.1,,https://clawhub.ai/api/v1/skills/tutur-humanizer/versions/1.0.1,,,,1779737816619,
untrusted-binary-sandbox,kn705svk8fg9fxjjemwh40z5g187ee7a,https://clawhub.ai/skills/untrusted-binary-sandbox,clean_175;clean_pool,1.0.0,,https://clawhub.ai/api/v1/skills/untrusted-binary-sandbox/versions/1.0.0,,,,1779820164696,
update-docs,kn757byz6mqcb96vcajjfvk7y1828pms,https://clawhub.ai/skills/update-docs,clean_175;clean_pool,1.0.0,,https://clawhub.ai/api/v1/skills/update-docs/versions/1.0.0,,,,1779790728310,
vibe-ui,kn7at0sye30sqc4gzk1jbqsjcd85nst7,https://clawhub.ai/skills/vibe-ui,clean_175;clean_pool,1.0.0,,https://clawhub.ai/api/v1/skills/vibe-ui/versions/1.0.0,,,,1779706653374,
vocational-teaching-competition-advisor,kn705qkxd5q2sxd49s59dnfknd82dywx,https://clawhub.ai/skills/vocational-teaching-competition-advisor,clean_175;clean_pool,2.0.0,,https://clawhub.ai/api/v1/skills/vocational-teaching-competition-advisor/versions/2.0.0,,,,1779764818834,
wechat-article-formatter,kn77452razee70yn4t2cc5fk7n82msmh,https://clawhub.ai/skills/wechat-article-formatter,clean_175;clean_pool,1.0.0,,https://clawhub.ai/api/v1/skills/wechat-article-formatter/versions/1.0.0,,,,1779762182941,
wechat-article-pipeline,kn77452razee70yn4t2cc5fk7n82msmh,https://clawhub.ai/skills/wechat-article-pipeline,clean_175;clean_pool,1.0.0,,https://clawhub.ai/api/v1/skills/wechat-article-pipeline/versions/1.0.0,,,,1779762189534,
wechat-auto-article-writer,kn77452razee70yn4t2cc5fk7n82msmh,https://clawhub.ai/skills/wechat-auto-article-writer,clean_175;clean_pool,1.0.0,,https://clawhub.ai/api/v1/skills/wechat-auto-article-writer/versions/1.0.0,,,,1779762242770,
workflow-node-setup,kn78gn8re7srbmpjckc38hprqx822avd,https://clawhub.ai/skills/workflow-node-setup,clean_175;clean_pool,0.1.0,,https://clawhub.ai/api/v1/skills/workflow-node-setup/versions/0.1.0,,,,1779742821351,
xiaog-elevenlabs-tts,kn716ewtc7z7a76wre4bsckgas8398j1,https://clawhub.ai/skills/xiaog-elevenlabs-tts,clean_175;clean_pool,1.0.0,,https://clawhub.ai/api/v1/skills/xiaog-elevenlabs-tts/versions/1.0.0,,,,1779757407110,
xiaohongshu-growth-engine,kn737p650jyt8y8t6vhqbcyf1986f10s,https://clawhub.ai/skills/xiaohongshu-growth-engine,clean_175;clean_pool,1.0.0,,https://clawhub.ai/api/v1/skills/xiaohongshu-growth-engine/versions/1.0.0,,,,1779693185221,
xiaohongshu-viral-notes-generator-v2,kn78r4sn0arj035mvghw8v9h4587d6jr,https://clawhub.ai/skills/xiaohongshu-viral-notes-generator-v2,clean_175;clean_pool,2.0.0,,https://clawhub.ai/api/v1/skills/xiaohongshu-viral-notes-generator-v2/versions/2.0.0,,,,1779726643859,
xingmang-defense-judge,kn7ez4h284sw1q2f7zvmge91wx83jdbt,https://clawhub.ai/skills/xingmang-defense-judge,clean_175;clean_pool,1.0.0,,https://clawhub.ai/api/v1/skills/xingmang-defense-judge/versions/1.0.0,,,,1779691769295,
xpeng-china-delivery,kn7c8kzydhdz8n932jja3hes5s87e6w6,https://clawhub.ai/skills/xpeng-china-delivery,clean_175;clean_pool,1.0.1,,https://clawhub.ai/api/v1/skills/xpeng-china-delivery/versions/1.0.1,,,,1779793229755,
yumnb,kn75j2wjmb8jcbk318n6xedrb5815pcw,https://clawhub.ai/skills/yumnb,clean_175;clean_pool,0.1.1,,https://clawhub.ai/api/v1/skills/yumnb/versions/0.1.1,,,,1779740490580,
zhinao-vocational-policy,kn705qkxd5q2sxd49s59dnfknd82dywx,https://clawhub.ai/skills/zhinao-vocational-policy,clean_175;clean_pool,1.0.1,,https://clawhub.ai/api/v1/skills/zhinao-vocational-policy/versions/1.0.1,,,,1779789432108,
zhujue-characters,kn7btkebmsjez27dmr03454tn9851zp3,https://clawhub.ai/skills/zhujue-characters,clean_175;clean_pool,1.0.0,,https://clawhub.ai/api/v1/skills/zhujue-characters/versions/1.0.0,,,,1779729723906,
zmt-browser-matrix,kn76fgbdj79m9zr4c8dm9rscj982p21s,https://clawhub.ai/skills/zmt-browser-matrix,clean_175;clean_pool,1.0.16,,https://clawhub.ai/api/v1/skills/zmt-browser-matrix/versions/1.0.16,,,,1779689232586,
zoning-variance-application-narrative,kn798vfcxrgjdt230v34k8eqf584vpwv,https://clawhub.ai/skills/zoning-variance-application-narrative,clean_175;clean_pool,0.1.0,,https://clawhub.ai/api/v1/skills/zoning-variance-application-narrative/versions/0.1.0,,,,1779842945419,
zw3d-launcher,kn7b22jx4a3957m25ynf04x0ns87ckdq,https://clawhub.ai/skills/zw3d-launcher,clean_175;clean_pool,1.0.0,,https://clawhub.ai/api/v1/skills/zw3d-launcher/versions/1.0.0,,,,1779709281241,
agentic-customer-success-skill,kn7ehj6z0wqts287dw3xpve45s87are9,https://clawhub.ai/skills/agentic-customer-success-skill,clean_175;clean_pool;finding8_susp100,1.0.2,,https://clawhub.ai/api/v1/skills/agentic-customer-success-skill/versions/1.0.2,,,,1779801744192,
agentic-email-skill,kn7ehj6z0wqts287dw3xpve45s87are9,https://clawhub.ai/skills/agentic-email-skill,clean_175;clean_pool;finding8_susp100,1.0.9,,https://clawhub.ai/api/v1/skills/agentic-email-skill/versions/1.0.9,,,,1779827421841,
agentic-invoice-skill,kn7ehj6z0wqts287dw3xpve45s87are9,https://clawhub.ai/skills/agentic-invoice-skill,clean_175;clean_pool;finding8_susp100,1.0.10,,https://clawhub.ai/api/v1/skills/agentic-invoice-skill/versions/1.0.10,,,,1779834894024,
smartbi-cli,kn7bgapafkp5xjwz4xafxyynzx87dnfb,https://clawhub.ai/skills/smartbi-cli,clean_175;clean_pool;finding8_susp100,1.0.1,,https://clawhub.ai/api/v1/skills/smartbi-cli/versions/1.0.1,,,,1779845697452,
auditing-k8s-rbac,kn7exkvs9fr4ybh3yx6986mfw985c17g,https://clawhub.ai/skills/auditing-k8s-rbac,clean_pool;finding8_clean25,1.0.0,,https://clawhub.ai/api/v1/skills/auditing-k8s-rbac/versions/1.0.0,,,,1779788095841,
auditing-terraform-security,kn7exkvs9fr4ybh3yx6986mfw985c17g,https://clawhub.ai/skills/auditing-terraform-security,clean_pool;finding8_clean25,1.0.0,,https://clawhub.ai/api/v1/skills/auditing-terraform-security/versions/1.0.0,,,,1779788102930,
cap-cancer-synoptic-report-drafter,kn798vfcxrgjdt230v34k8eqf584vpwv,https://clawhub.ai/skills/cap-cancer-synoptic-report-drafter,clean_pool;finding8_clean25,0.1.0,,https://clawhub.ai/api/v1/skills/cap-cancer-synoptic-report-drafter/versions/0.1.0,,,,1779771290034,
china-cloud-deploy,kn7a6kxswmnbamxxthy2pgjrkn86vpfy,https://clawhub.ai/skills/china-cloud-deploy,clean_pool;finding8_clean25,1.0.0,,https://clawhub.ai/api/v1/skills/china-cloud-deploy/versions/1.0.0,,,,1779787664394,
china-data-compliance,kn7a6kxswmnbamxxthy2pgjrkn86vpfy,https://clawhub.ai/skills/china-data-compliance,clean_pool;finding8_clean25,1.0.0,,https://clawhub.ai/api/v1/skills/china-data-compliance/versions/1.0.0,,,,1779787979857,
china-dev-environment,kn7a6kxswmnbamxxthy2pgjrkn86vpfy,https://clawhub.ai/skills/china-dev-environment,clean_pool;finding8_clean25,1.0.0,,https://clawhub.ai/api/v1/skills/china-dev-environment/versions/1.0.0,,,,1779787874193,
china-payment-integration,kn7a6kxswmnbamxxthy2pgjrkn86vpfy,https://clawhub.ai/skills/china-payment-integration,clean_pool;finding8_clean25,1.0.0,,https://clawhub.ai/api/v1/skills/china-payment-integration/versions/1.0.0,,,,1779787771889,
chrome-bookmarks,kn7dym14m6zx7na6g78kt3fnfn8306jk,https://clawhub.ai/skills/chrome-bookmarks,clean_pool;finding8_clean25,1.0.0,,https://clawhub.ai/api/v1/skills/chrome-bookmarks/versions/1.0.0,,,,1779782166731,
code-graph,kn787ypy8qst1csc9zmfk7mqmx87fm55,https://clawhub.ai/skills/code-graph,clean_pool;finding8_clean25,1.0.1,,https://clawhub.ai/api/v1/skills/code-graph/versions/1.0.1,,,,1779780446279,
database-semantic-to-sql,kn74572dhgzsd1yb43y0xdvcd584e5ht,https://clawhub.ai/skills/database-semantic-to-sql,clean_pool;finding8_clean25,1.0.3,,https://clawhub.ai/api/v1/skills/database-semantic-to-sql/versions/1.0.3,,,,1779781371558,
datayes-stock-analysis,kn7c4sgnt9tjekrkb2dw0mgf89831kqn,https://clawhub.ai/skills/datayes-stock-analysis,clean_pool;finding8_clean25,1.0.0,,https://clawhub.ai/api/v1/skills/datayes-stock-analysis/versions/1.0.0,,,,1779778867442,
deal-genie,kn72bgttg9hq2r0qpzpa9vmvs587epgh,https://clawhub.ai/skills/deal-genie,clean_pool;finding8_clean25,1.3.0,,https://clawhub.ai/api/v1/skills/deal-genie/versions/1.3.0,,,,1779774037773,
download-guard,kn7b9sk9p1986cj2jrkjrp76r587f5pj,https://clawhub.ai/skills/download-guard,clean_pool;finding8_clean25,5.4.0,,https://clawhub.ai/api/v1/skills/download-guard/versions/5.4.0,,,,1779784330595,
ghg-corporate-inventory-drafter,kn798vfcxrgjdt230v34k8eqf584vpwv,https://clawhub.ai/skills/ghg-corporate-inventory-drafter,clean_pool;finding8_clean25,0.1.0,,https://clawhub.ai/api/v1/skills/ghg-corporate-inventory-drafter/versions/0.1.0,,,,1779771307558,
itjuzi,kn7d8dgnxqte63zk4pt75hd8g9871jqj,https://clawhub.ai/skills/itjuzi,clean_pool;finding8_clean25,1.0.0,,https://clawhub.ai/api/v1/skills/itjuzi/versions/1.0.0,,,,1779778860809,
itjuzitelegram,kn7d8dgnxqte63zk4pt75hd8g9871jqj,https://clawhub.ai/skills/itjuzitelegram,clean_pool;finding8_clean25,1.0.0,,https://clawhub.ai/api/v1/skills/itjuzitelegram/versions/1.0.0,,,,1779782302867,
lx-whisper-transcribe,kn70ycsjawv1emc74sgj2fcfwh877xm3,https://clawhub.ai/skills/lx-whisper-transcribe,clean_pool;finding8_clean25,1.1.0,,https://clawhub.ai/api/v1/skills/lx-whisper-transcribe/versions/1.1.0,,,,1779786106568,
omni-scraper,kn7f094jj9wn6pq99j0xfqvbh587ew2p,https://clawhub.ai/skills/omni-scraper,clean_pool;finding8_clean25,1.0.0,,https://clawhub.ai/api/v1/skills/omni-scraper/versions/1.0.0,,,,1779782264877,
smart-readme-generator,kn761q9j3az399q824psjghp2587e6y6,https://clawhub.ai/skills/smart-readme-generator,clean_pool;finding8_clean25,1.0.0,,https://clawhub.ai/api/v1/skills/smart-readme-generator/versions/1.0.0,,,,1779783581585,
structured-rads-report-drafter,kn798vfcxrgjdt230v34k8eqf584vpwv,https://clawhub.ai/skills/structured-rads-report-drafter,clean_pool;finding8_clean25,0.1.0,,https://clawhub.ai/api/v1/skills/structured-rads-report-drafter/versions/0.1.0,,,,1779771320458,
style-transfer,kn787ypy8qst1csc9zmfk7mqmx87fm55,https://clawhub.ai/skills/style-transfer,clean_pool;finding8_clean25,1.0.0,,https://clawhub.ai/api/v1/skills/style-transfer/versions/1.0.0,,,,1779780620136,
sunshine-volunteer,kn7ez4h284sw1q2f7zvmge91wx83jdbt,https://clawhub.ai/skills/sunshine-volunteer,clean_pool;finding8_clean25,1.0.0,,https://clawhub.ai/api/v1/skills/sunshine-volunteer/versions/1.0.0,,,,1779781790508,
wechat-miniapp-deploy,kn7a6kxswmnbamxxthy2pgjrkn86vpfy,https://clawhub.ai/skills/wechat-miniapp-deploy,clean_pool;finding8_clean25,1.0.0,,https://clawhub.ai/api/v1/skills/wechat-miniapp-deploy/versions/1.0.0,,,,1779787546202,
xvpn-mcp-skill,kn70p9aht4jrvga52e94c0zttx874xn8,https://clawhub.ai/skills/xvpn-mcp-skill,clean_pool;finding8_clean25,1.0.0,,https://clawhub.ai/api/v1/skills/xvpn-mcp-skill/versions/1.0.0,,,,1779788194770,
youmind-devto-article,kn70vgwgt9babmcxm5vbprdxp582q8h8,https://clawhub.ai/skills/youmind-devto-article,clean_pool;finding8_clean25,1.0.0,,https://clawhub.ai/api/v1/skills/youmind-devto-article/versions/1.0.0,,,,1779782540381,
academic-results-writer,kn76d4j3eye4fzegytyc5hthdn86bysx,https://clawhub.ai/skills/academic-results-writer,finding8_susp100,1.2.1,,https://clawhub.ai/api/v1/skills/academic-results-writer/versions/1.2.1,,,,1779785601144,
agent-init-skill,kn7d6rn796ntdec2gcxcavq7gs83s1bb,https://clawhub.ai/skills/agent-init-skill,finding8_susp100,1.0.0,,https://clawhub.ai/api/v1/skills/agent-init-skill/versions/1.0.0,,,,1779787007242,
agent-pool,kn760a5kc9v88cgqxdfsbn70ps8479v3,https://clawhub.ai/skills/agent-pool,finding8_susp100,1.0.0,,https://clawhub.ai/api/v1/skills/agent-pool/versions/1.0.0,,,,1779683615698,
aiha-exposure-assessment-strategy,kn798vfcxrgjdt230v34k8eqf584vpwv,https://clawhub.ai/skills/aiha-exposure-assessment-strategy,finding8_susp100,0.1.0,,https://clawhub.ai/api/v1/skills/aiha-exposure-assessment-strategy/versions/0.1.0,,,,1779771312759,
alibabacloud-safety-checker,kn74p5w8ywv6prh40g0s82gmqh83nw54,https://clawhub.ai/skills/alibabacloud-safety-checker,finding8_susp100,0.0.1,,https://clawhub.ai/api/v1/skills/alibabacloud-safety-checker/versions/0.0.1,,,,1779775380977,
auditing-aws-s3,kn7exkvs9fr4ybh3yx6986mfw985c17g,https://clawhub.ai/skills/auditing-aws-s3,finding8_susp100,1.0.0,,https://clawhub.ai/api/v1/skills/auditing-aws-s3/versions/1.0.0,,,,1779788095414,
auditing-cis-benchmarks,kn7exkvs9fr4ybh3yx6986mfw985c17g,https://clawhub.ai/skills/auditing-cis-benchmarks,finding8_susp100,1.0.0,,https://clawhub.ai/api/v1/skills/auditing-cis-benchmarks/versions/1.0.0,,,,1779788094887,
chace-ai-market-research,kn7exkvs9fr4ybh3yx6986mfw985c17g,https://clawhub.ai/skills/chace-ai-market-research,finding8_susp100,0.1.0,,https://clawhub.ai/api/v1/skills/chace-ai-market-research/versions/0.1.0,,,,1779775103626,
claude-devfleet,kn777srwbgsh3m6whaqnvcgx5n86fxq3,https://clawhub.ai/skills/claude-devfleet,finding8_susp100,1.0.0,,https://clawhub.ai/api/v1/skills/claude-devfleet/versions/1.0.0,,,,1779741114944,
claude-statusline-skill,kn740dspnt5pyzkc21gr4yx9e9850my0,https://clawhub.ai/skills/claude-statusline-skill,finding8_susp100,1.0.0,,https://clawhub.ai/api/v1/skills/claude-statusline-skill/versions/1.0.0,,,,1779600764522,
claw-home-dir-backup-restore,kn71023xnbt4mfrjvkaa0z2ycd8762ba,https://clawhub.ai/skills/claw-home-dir-backup-restore,finding8_susp100,1.0.0,,https://clawhub.ai/api/v1/skills/claw-home-dir-backup-restore/versions/1.0.0,,,,1779714337799,
codex-history-visibility-repair,kn7az9pdfap79ps4bwzbf44k9582hqpv,https://clawhub.ai/skills/codex-history-visibility-repair,finding8_susp100,0.1.0,,https://clawhub.ai/api/v1/skills/codex-history-visibility-repair/versions/0.1.0,,,,1779780933402,
coding-pronoun-prompt-resolver,kn7aakh8bj9gfbh6ah7rtw6pf180g5qr,https://clawhub.ai/skills/coding-pronoun-prompt-resolver,finding8_susp100,0.10.0,,https://clawhub.ai/api/v1/skills/coding-pronoun-prompt-resolver/versions/0.10.0,,,,1779762484903,
compass-mcp,kn700jq4sjtf2anb0rk3ft4p7n856872,https://clawhub.ai/skills/compass-mcp,finding8_susp100,0.6.1,,https://clawhub.ai/api/v1/skills/compass-mcp/versions/0.6.1,,,,1779755458128,
cron-helper-mayf3,kn79h0gzthmt4j0wttf89v459h86vp9n,https://clawhub.ai/skills/cron-helper-mayf3,finding8_susp100,1.0.0,,https://clawhub.ai/api/v1/skills/cron-helper-mayf3/versions/1.0.0,,,,1779758614385,
cross-platform-im-cli,kn7a6kxswmnbamxxthy2pgjrkn86vpfy,https://clawhub.ai/skills/cross-platform-im-cli,finding8_susp100,1.0.0,,https://clawhub.ai/api/v1/skills/cross-platform-im-cli/versions/1.0.0,,,,1779783467238,
customs-ip-search,kn7cwbyf60yewer62jhhnjsev182atep,https://clawhub.ai/skills/customs-ip-search,finding8_susp100,1.0.0,,https://clawhub.ai/api/v1/skills/customs-ip-search/versions/1.0.0,,,,1779706693930,
database-semantic-generator,kn74572dhgzsd1yb43y0xdvcd584e5ht,https://clawhub.ai/skills/database-semantic-generator,finding8_susp100,1.0.3,,https://clawhub.ai/api/v1/skills/database-semantic-generator/versions/1.0.3,,,,1779781317765,
datanexus-sdk-skills,kn77cw5hbmapf54rv89jdqwp7x835m4k,https://clawhub.ai/skills/datanexus-sdk-skills,finding8_susp100,1.0.1,,https://clawhub.ai/api/v1/skills/datanexus-sdk-skills/versions/1.0.1,,,,1779785515919,
debug-probe,kn7cwccex9yxvqgt66wp2ae4hn80vnmw,https://clawhub.ai/skills/debug-probe,finding8_susp100,1.0.0,,https://clawhub.ai/api/v1/skills/debug-probe/versions/1.0.0,,,,1779768242336,
deepseek-toolkit,kn7dfpp85z5fypb8h8x6f0awvd87bh9v,https://clawhub.ai/skills/deepseek-toolkit,finding8_susp100,1.0.0,,https://clawhub.ai/api/v1/skills/deepseek-toolkit/versions/1.0.0,,,,1779721622457,
dingtalk-todo-cli,kn7a6kxswmnbamxxthy2pgjrkn86vpfy,https://clawhub.ai/skills/dingtalk-todo-cli,finding8_susp100,1.0.0,,https://clawhub.ai/api/v1/skills/dingtalk-todo-cli/versions/1.0.0,,,,1779783363051,
douyin-title-generator-v2,kn78r4sn0arj035mvghw8v9h4587d6jr,https://clawhub.ai/skills/douyin-title-generator-v2,finding8_susp100,2.0.0,,https://clawhub.ai/api/v1/skills/douyin-title-generator-v2/versions/2.0.0,,,,1779726585851,
douyin-upload-mcp-skill,kn7eb068t58n15vaenzn0n1ydx87f5vj,https://clawhub.ai/skills/douyin-upload-mcp-skill,finding8_susp100,0.1.8,,https://clawhub.ai/api/v1/skills/douyin-upload-mcp-skill/versions/0.1.8,,,,1779787010026,
electrical-machinery-course,kn7ez4h284sw1q2f7zvmge91wx83jdbt,https://clawhub.ai/skills/electrical-machinery-course,finding8_susp100,1.3.0,,https://clawhub.ai/api/v1/skills/electrical-machinery-course/versions/1.3.0,,,,1779775051848,
emar-ppt-skill,kn77745ksctztpmyk7aae60nqs874nzm,https://clawhub.ai/skills/emar-ppt-skill,finding8_susp100,1.0.1,,https://clawhub.ai/api/v1/skills/emar-ppt-skill/versions/1.0.1,,,,1779685707731,
engine-miner-wallet,kn7e3skm3s7nfkwyz119mc9s0n87aqyw,https://clawhub.ai/skills/engine-miner-wallet,finding8_susp100,0.1.2,,https://clawhub.ai/api/v1/skills/engine-miner-wallet/versions/0.1.2,,,,1779693056850,
family-ledgersimple,kn74jzx9jn2qt39cnvtys1cym181vara,https://clawhub.ai/skills/family-ledgersimple,finding8_susp100,1.0.0,,https://clawhub.ai/api/v1/skills/family-ledgersimple/versions/1.0.0,,,,1779777458621,
feishu-workflow-cli,kn7a6kxswmnbamxxthy2pgjrkn86vpfy,https://clawhub.ai/skills/feishu-workflow-cli,finding8_susp100,1.0.0,,https://clawhub.ai/api/v1/skills/feishu-workflow-cli/versions/1.0.0,,,,1779783232297,
fire-protection-narrative-report-drafter,kn798vfcxrgjdt230v34k8eqf584vpwv,https://clawhub.ai/skills/fire-protection-narrative-report-drafter,finding8_susp100,0.1.0,,https://clawhub.ai/api/v1/skills/fire-protection-narrative-report-drafter/versions/0.1.0,,,,1779771281706,
fn-fpk,kn77pvxj7zf4hrd6q5ydgn2js5826rny,https://clawhub.ai/skills/fn-fpk,finding8_susp100,1.0.0,,https://clawhub.ai/api/v1/skills/fn-fpk/versions/1.0.0,,,,1779731302541,
git-publish-skill,kn7d6rn796ntdec2gcxcavq7gs83s1bb,https://clawhub.ai/skills/git-publish-skill,finding8_susp100,1.0.0,,https://clawhub.ai/api/v1/skills/git-publish-skill/versions/1.0.0,,,,1779781135827,
gotoemail,kn7d6rsw2fde3ex57t56gpk35x838at7,https://clawhub.ai/skills/gotoemail,finding8_susp100,1.0.1,,https://clawhub.ai/api/v1/skills/gotoemail/versions/1.0.1,,,,1779694418743,
hap-upgrade-guide,kn700jp1c2b9dkpwcb6phm1qe183zjbm,https://clawhub.ai/skills/hap-upgrade-guide,finding8_susp100,1.0.0,,https://clawhub.ai/api/v1/skills/hap-upgrade-guide/versions/1.0.0,,,,1779687340897,
hotel-booking-ai,kn7bg73713b6bjj6zaejx929kh84ts37,https://clawhub.ai/skills/hotel-booking-ai,finding8_susp100,0.2.0,,https://clawhub.ai/api/v1/skills/hotel-booking-ai/versions/0.2.0,,,,1779706901578,
jf-open-pro-device-image-flip,kn76a4cz1f8226smfrv62zp4h1845f45,https://clawhub.ai/skills/jf-open-pro-device-image-flip,finding8_susp100,1.0.0,,https://clawhub.ai/api/v1/skills/jf-open-pro-device-image-flip/versions/1.0.0,,,,1779699924919,
jf-open-pro-device-status,kn76a4cz1f8226smfrv62zp4h1845f45,https://clawhub.ai/skills/jf-open-pro-device-status,finding8_susp100,1.0.0,,https://clawhub.ai/api/v1/skills/jf-open-pro-device-status/versions/1.0.0,,,,1779705551849,
jf-open-pro-livestream,kn76a4cz1f8226smfrv62zp4h1845f45,https://clawhub.ai/skills/jf-open-pro-livestream,finding8_susp100,1.0.0,,https://clawhub.ai/api/v1/skills/jf-open-pro-livestream/versions/1.0.0,,,,1779705597516,
jixinghui-activity,kn7ekj9c2wnassykpsqa1x9gdx8772ta,https://clawhub.ai/skills/jixinghui-activity,finding8_susp100,1.0.0,,https://clawhub.ai/api/v1/skills/jixinghui-activity/versions/1.0.0,,,,1779696595254,
kaifan,kn7e1f7arbh5e68r8ztsbc8ncn840aaa,https://clawhub.ai/skills/kaifan,finding8_susp100,1.0.1,,https://clawhub.ai/api/v1/skills/kaifan/versions/1.0.1,,,,1779771091802,
knot-agent-eval,kn775kfx1zc982f6xxnphegrgn87ewax,https://clawhub.ai/skills/knot-agent-eval,finding8_susp100,1.0.0,,https://clawhub.ai/api/v1/skills/knot-agent-eval/versions/1.0.0,,,,1779761952135,
ligaowei-auto-responder,kn73wqc78mc614p1bta710y41s82ejtq,https://clawhub.ai/skills/ligaowei-auto-responder,finding8_susp100,1.1.1,,https://clawhub.ai/api/v1/skills/ligaowei-auto-responder/versions/1.1.1,,,,1779694889120,
linkfox-google-aimodel-search,kn7dmc1t4j28hem1twwyav85p182pb1j,https://clawhub.ai/skills/linkfox-google-aimodel-search,finding8_susp100,1.0.0,,https://clawhub.ai/api/v1/skills/linkfox-google-aimodel-search/versions/1.0.0,,,,1779673517800,
local-mcp-server,kn7bt5s881bwyhqfzf1e95p2z587aeb1,https://clawhub.ai/skills/local-mcp-server,finding8_susp100,1.0.0,,https://clawhub.ai/api/v1/skills/local-mcp-server/versions/1.0.0,,,,1779662444153,
long-context-rag-analyzer,kn74e704j3ygjcygnpf02rdvd185js13,https://clawhub.ai/skills/long-context-rag-analyzer,finding8_susp100,3.0.1,,https://clawhub.ai/api/v1/skills/long-context-rag-analyzer/versions/3.0.1,,,,1779680063850,
marketing-automation-cli,kn7a6kxswmnbamxxthy2pgjrkn86vpfy,https://clawhub.ai/skills/marketing-automation-cli,finding8_susp100,1.0.0,,https://clawhub.ai/api/v1/skills/marketing-automation-cli/versions/1.0.0,,,,1779783592716,
matlab-simulation-optimizer-skill,kn7d6rn796ntdec2gcxcavq7gs83s1bb,https://clawhub.ai/skills/matlab-simulation-optimizer-skill,finding8_susp100,1.0.0,,https://clawhub.ai/api/v1/skills/matlab-simulation-optimizer-skill/versions/1.0.0,,,,1779787016593,
meetmind,kn7bt31dm0h09bawpn8ypect9h82jed7,https://clawhub.ai/skills/meetmind,finding8_susp100,1.0.0,,https://clawhub.ai/api/v1/skills/meetmind/versions/1.0.0,,,,1779768199412,
mplus-report-insight,kn737p650jyt8y8t6vhqbcyf1986f10s,https://clawhub.ai/skills/mplus-report-insight,finding8_susp100,1.0.0,,https://clawhub.ai/api/v1/skills/mplus-report-insight/versions/1.0.0,,,,1779693032047,
multi-paper-innovation-comparator,kn7d6rn796ntdec2gcxcavq7gs83s1bb,https://clawhub.ai/skills/multi-paper-innovation-comparator,finding8_susp100,1.0.0,,https://clawhub.ai/api/v1/skills/multi-paper-innovation-comparator/versions/1.0.0,,,,1779787000521,
nexus-ap2-batched-settle,kn7efb82wj6z1vtc8q377eh3r582sdfa,https://clawhub.ai/skills/nexus-ap2-batched-settle,finding8_susp100,1.0.0,,https://clawhub.ai/api/v1/skills/nexus-ap2-batched-settle/versions/1.0.0,,,,1779737193378,
nihai,kn77nwcb76zrnzbte2v4khncn582nqg7,https://clawhub.ai/skills/nihai,finding8_susp100,2.1.0,,https://clawhub.ai/api/v1/skills/nihai/versions/2.1.0,,,,1779767917538,
obsidian-quartz-blog-setup-skill,kn7d6rn796ntdec2gcxcavq7gs83s1bb,https://clawhub.ai/skills/obsidian-quartz-blog-setup-skill,finding8_susp100,1.0.0,,https://clawhub.ai/api/v1/skills/obsidian-quartz-blog-setup-skill/versions/1.0.0,,,,1779787022266,
ontology-modeling,kn723h6ssb0htabywvbvd2j9x986dqh6,https://clawhub.ai/skills/ontology-modeling,finding8_susp100,1.0.0,,https://clawhub.ai/api/v1/skills/ontology-modeling/versions/1.0.0,,,,1779787382572,
opulselink-platform-basic,kn78157tg3j16pnp4d9xqfe3dn87d10m,https://clawhub.ai/skills/opulselink-platform-basic,finding8_susp100,0.5.0,,https://clawhub.ai/api/v1/skills/opulselink-platform-basic/versions/0.5.0,,,,1779699520002,
paper-innov-compare-skill,kn7d6rn796ntdec2gcxcavq7gs83s1bb,https://clawhub.ai/skills/paper-innov-compare-skill,finding8_susp100,1.0.0,,https://clawhub.ai/api/v1/skills/paper-innov-compare-skill/versions/1.0.0,,,,1779781124802,
paper-matlab-reproduction,kn7d6rn796ntdec2gcxcavq7gs83s1bb,https://clawhub.ai/skills/paper-matlab-reproduction,finding8_susp100,1.0.0,,https://clawhub.ai/api/v1/skills/paper-matlab-reproduction/versions/1.0.0,,,,1779781144602,
paper-results-reverse-engineer,kn76d4j3eye4fzegytyc5hthdn86bysx,https://clawhub.ai/skills/paper-results-reverse-engineer,finding8_susp100,3.0.4,,https://clawhub.ai/api/v1/skills/paper-results-reverse-engineer/versions/3.0.4,,,,1779785330612,
patent-transaction,kn75kk4f194v78mdce4gz4x6v1832rbq,https://clawhub.ai/skills/patent-transaction,finding8_susp100,1.0.0,,https://clawhub.ai/api/v1/skills/patent-transaction/versions/1.0.0,,,,1779735652729,
pharmacovigilance-icsr-narrative,kn798vfcxrgjdt230v34k8eqf584vpwv,https://clawhub.ai/skills/pharmacovigilance-icsr-narrative,finding8_susp100,0.1.0,,https://clawhub.ai/api/v1/skills/pharmacovigilance-icsr-narrative/versions/0.1.0,,,,1779693614542,
polymarket-mil-aircraft-tracker,kn7axnp7bzqsf5fkx0z8px7han7zyq1x,https://clawhub.ai/skills/polymarket-mil-aircraft-tracker,finding8_susp100,1.1.1,,https://clawhub.ai/api/v1/skills/polymarket-mil-aircraft-tracker/versions/1.1.1,,,,1779726612177,
ralph-loop-rr,kn7b9vdb6zpt2arhjhw05hercn86w1hr,https://clawhub.ai/skills/ralph-loop-rr,finding8_susp100,1.2.0,,https://clawhub.ai/api/v1/skills/ralph-loop-rr/versions/1.2.0,,,,1779740204779,
redfin-mcp,kn700jq4sjtf2anb0rk3ft4p7n856872,https://clawhub.ai/skills/redfin-mcp,finding8_susp100,0.4.4,,https://clawhub.ai/api/v1/skills/redfin-mcp/versions/0.4.4,,,,1779755423344,
rocketreach-contact-intel,kn713pxvayh8fjhb503zjb8yxh815j54,https://clawhub.ai/skills/rocketreach-contact-intel,finding8_susp100,0.1.0,,https://clawhub.ai/api/v1/skills/rocketreach-contact-intel/versions/0.1.0,,,,1779633021855,
simulation-doc-writer-skill,kn7d6rn796ntdec2gcxcavq7gs83s1bb,https://clawhub.ai/skills/simulation-doc-writer-skill,finding8_susp100,1.0.0,,https://clawhub.ai/api/v1/skills/simulation-doc-writer-skill/versions/1.0.0,,,,1779781153244,
skill-publish-skill,kn7d6rn796ntdec2gcxcavq7gs83s1bb,https://clawhub.ai/skills/skill-publish-skill,finding8_susp100,1.0.0,,https://clawhub.ai/api/v1/skills/skill-publish-skill/versions/1.0.0,,,,1779780176274,
smyx-driver-flushing-sweat-detection-analysis,kn7cyxkr2ymf7zwsrybpedg8xx83ywrj,https://clawhub.ai/skills/smyx-driver-flushing-sweat-detection-analysis,finding8_susp100,1.0.0,,https://clawhub.ai/api/v1/skills/smyx-driver-flushing-sweat-detection-analysis/versions/1.0.0,,,,1779765072299,
smyx-driver-head-pose-abnormality-analysis,kn7e2caqj7pnsvr9r7t8zenghs83xw7n,https://clawhub.ai/skills/smyx-driver-head-pose-abnormality-analysis,finding8_susp100,1.0.0,,https://clawhub.ai/api/v1/skills/smyx-driver-head-pose-abnormality-analysis/versions/1.0.0,,,,1779764720066,
smyx-infant-stool-color-abnormality-analysis,kn7cyxkr2ymf7zwsrybpedg8xx83ywrj,https://clawhub.ai/skills/smyx-infant-stool-color-abnormality-analysis,finding8_susp100,1.0.0,,https://clawhub.ai/api/v1/skills/smyx-infant-stool-color-abnormality-analysis/versions/1.0.0,,,,1779781474902,
smyx-living-alone-rhythm-anomaly-analysis,kn7e2caqj7pnsvr9r7t8zenghs83xw7n,https://clawhub.ai/skills/smyx-living-alone-rhythm-anomaly-analysis,finding8_susp100,1.0.0,,https://clawhub.ai/api/v1/skills/smyx-living-alone-rhythm-anomaly-analysis/versions/1.0.0,,,,1779775663034,
smyx-neonatal-jaundice-screening-analysis,kn7e2caqj7pnsvr9r7t8zenghs83xw7n,https://clawhub.ai/skills/smyx-neonatal-jaundice-screening-analysis,finding8_susp100,1.0.0,,https://clawhub.ai/api/v1/skills/smyx-neonatal-jaundice-screening-analysis/versions/1.0.0,,,,1779781448130,
smyx-thermal-fever-screening-analysis,kn7cyxkr2ymf7zwsrybpedg8xx83ywrj,https://clawhub.ai/skills/smyx-thermal-fever-screening-analysis,finding8_susp100,1.0.0,,https://clawhub.ai/api/v1/skills/smyx-thermal-fever-screening-analysis/versions/1.0.0,,,,1779775684702,
solution-case-finder,kn719mk8qaw9jeqy23v5xtt6k582j8zy,https://clawhub.ai/skills/solution-case-finder,finding8_susp100,1.0.2,,https://clawhub.ai/api/v1/skills/solution-case-finder/versions/1.0.2,,,,1779784083257,
statichub,kn77mpysxam553h3w9pyabbmjd81r0n9,https://clawhub.ai/skills/statichub,finding8_susp100,0.1.0,,https://clawhub.ai/api/v1/skills/statichub/versions/0.1.0,,,,1779710241656,
stickyhive,kn73x25h4tz0kt7hbeqvf39dwh87ckd2,https://clawhub.ai/skills/stickyhive,finding8_susp100,0.1.1,,https://clawhub.ai/api/v1/skills/stickyhive/versions/0.1.1,,,,1779711104270,
sushiro,kn71wmfxxkq6cmb0696vdrvkc581z8y9,https://clawhub.ai/skills/sushiro,finding8_susp100,0.1.1,,https://clawhub.ai/api/v1/skills/sushiro/versions/0.1.1,,,,1779781996668,
swppp-drafter,kn798vfcxrgjdt230v34k8eqf584vpwv,https://clawhub.ai/skills/swppp-drafter,finding8_susp100,0.1.0,,https://clawhub.ai/api/v1/skills/swppp-drafter/versions/0.1.0,,,,1779693619888,
tally-prime-skill,kn7dweyva2nw2wthbnpw5ygcnn80hxkd,https://clawhub.ai/skills/tally-prime-skill,finding8_susp100,1.0.1,,https://clawhub.ai/api/v1/skills/tally-prime-skill/versions/1.0.1,,,,1779713130052,
taobao-618-material-helper,kn7dcnh86hvrqegsma9c1etg6s87cgtn,https://clawhub.ai/skills/taobao-618-material-helper,finding8_susp100,0.1.0,,https://clawhub.ai/api/v1/skills/taobao-618-material-helper/versions/0.1.0,,,,1779713577399,
tron-energy-rental,kn772zt5ncxbjw1hqmkj1krk7h87chyc,https://clawhub.ai/skills/tron-energy-rental,finding8_susp100,1.0.1,,https://clawhub.ai/api/v1/skills/tron-energy-rental/versions/1.0.1,,,,1779703086776,
tutur-aceh,kn78j9e74mf9weg4sr1e7zmabd81s08b,https://clawhub.ai/skills/tutur-aceh,finding8_susp100,1.0.1,,https://clawhub.ai/api/v1/skills/tutur-aceh/versions/1.0.1,,,,1779737730597,
typeform-surveys,kn713pxvayh8fjhb503zjb8yxh815j54,https://clawhub.ai/skills/typeform-surveys,finding8_susp100,0.1.0,,https://clawhub.ai/api/v1/skills/typeform-surveys/versions/0.1.0,,,,1779638804988,
universal-file-ops,kn75zfd51df61ajdyqtgvrs1hx84s4q6,https://clawhub.ai/skills/universal-file-ops,finding8_susp100,0.1.0,,https://clawhub.ai/api/v1/skills/universal-file-ops/versions/0.1.0,,,,1779706791937,
videolink-to-article,kn7062aw23gwdvrmk0j5vznacs87fyxg,https://clawhub.ai/skills/videolink-to-article,finding8_susp100,1.0.0,,https://clawhub.ai/api/v1/skills/videolink-to-article/versions/1.0.0,,,,1779768127964,
wechat-lead-generation,kn7exkvs9fr4ybh3yx6986mfw985c17g,https://clawhub.ai/skills/wechat-lead-generation,finding8_susp100,0.1.0,,https://clawhub.ai/api/v1/skills/wechat-lead-generation/versions/0.1.0,,,,1779786113232,
wx-mp-publish,kn732d75a9t2htw2sjvh004hw982c32x,https://clawhub.ai/skills/wx-mp-publish,finding8_susp100,1.0.0,,https://clawhub.ai/api/v1/skills/wx-mp-publish/versions/1.0.0,,,,1779683900649,
xiaoyiwebsearch,kn7d6ybyaczcj2pr8xpmswe5s187edjm,https://clawhub.ai/skills/xiaoyiwebsearch,finding8_susp100,1.0.0,,https://clawhub.ai/api/v1/skills/xiaoyiwebsearch/versions/1.0.0,,,,1779787351225,
xiaxiayouhui-deals,kn7d9hvf1185qhqngysj77w4k987cgwv,https://clawhub.ai/skills/xiaxiayouhui-deals,finding8_susp100,1.5.8,,https://clawhub.ai/api/v1/skills/xiaxiayouhui-deals/versions/1.5.8,,,,1779767085576,
xihu-hiring,kn721qkna8n7c3j5n9hvqpx4h986mbnk,https://clawhub.ai/skills/xihu-hiring,finding8_susp100,1.0.0,,https://clawhub.ai/api/v1/skills/xihu-hiring/versions/1.0.0,,,,1779777361114,
xlsx-test,kn769q68fteys6ce65mz54s3a187eynf,https://clawhub.ai/skills/xlsx-test,finding8_susp100,1.0.0,,https://clawhub.ai/api/v1/skills/xlsx-test/versions/1.0.0,,,,1779768467392,
youmind-article-dispatch,kn70vgwgt9babmcxm5vbprdxp582q8h8,https://clawhub.ai/skills/youmind-article-dispatch,finding8_susp100,1.0.0,,https://clawhub.ai/api/v1/skills/youmind-article-dispatch/versions/1.0.0,,,,1779782497795,
youmind-beehiiv-article,kn70vgwgt9babmcxm5vbprdxp582q8h8,https://clawhub.ai/skills/youmind-beehiiv-article,finding8_susp100,1.0.0,,https://clawhub.ai/api/v1/skills/youmind-beehiiv-article/versions/1.0.0,,,,1779782517052,
youmind-ghost-article,kn70vgwgt9babmcxm5vbprdxp582q8h8,https://clawhub.ai/skills/youmind-ghost-article,finding8_susp100,1.0.0,,https://clawhub.ai/api/v1/skills/youmind-ghost-article/versions/1.0.0,,,,1779782562710,
youmind-hashnode-article,kn70vgwgt9babmcxm5vbprdxp582q8h8,https://clawhub.ai/skills/youmind-hashnode-article,finding8_susp100,1.0.0,,https://clawhub.ai/api/v1/skills/youmind-hashnode-article/versions/1.0.0,,,,1779782587912,
zillow-mcp,kn700jq4sjtf2anb0rk3ft4p7n856872,https://clawhub.ai/skills/zillow-mcp,finding8_susp100,0.4.4,,https://clawhub.ai/api/v1/skills/zillow-mcp/versions/0.4.4,,,,1779755408611,
zw3d-macro,kn7b22jx4a3957m25ynf04x0ns87ckdq,https://clawhub.ai/skills/zw3d-macro,finding8_susp100,1.0.0,,https://clawhub.ai/api/v1/skills/zw3d-macro/versions/1.0.0,,,,1779710052158,
